v2q-001	0	pilot-v2-doc-ab-pmjay-0000-94c82a474579	0
v2q-001	0	pilot-v2-doc-ab-pmjay-0001-a632a7205efc	0
v2q-001	0	pilot-v2-doc-ab-pmjay-0003-1242266bb260	0
v2q-001	0	pilot-v2-doc-ab-pmjay-0004-2e5074722cd7	0
v2q-001	0	pilot-v2-doc-apy-0000-c43dd88d7899	0
v2q-001	0	pilot-v2-doc-apy-0001-add48d27a4a2	0
v2q-001	0	pilot-v2-doc-apy-0002-66a5cc4017fb	0
v2q-001	0	pilot-v2-doc-mgnrega-0000-7e6d80b47566	0
v2q-001	0	pilot-v2-doc-mgnrega-0001-5203a455caa6	0
v2q-001	0	pilot-v2-doc-pm-gkay-0000-c29b96f46a80	0
v2q-001	0	pilot-v2-doc-pm-janman-0001-0deee4377b38	0
v2q-001	0	pilot-v2-doc-pm-janman-0002-d0844e3327b6	0
v2q-001	0	pilot-v2-doc-pm-poshan-0000-7be831685336	0
v2q-001	0	pilot-v2-doc-pmay-g-0000-d4162175877d	2
v2q-001	0	pilot-v2-doc-pmay-g-0001-db2db8af1543	2
v2q-001	0	pilot-v2-doc-pmay-g-0002-e08c1e347071	1
v2q-001	0	pilot-v2-doc-pmay-g-0003-2769023a3f73	1
v2q-001	0	pilot-v2-doc-pmay-g-0004-f8ee90715c3f	1
v2q-001	0	pilot-v2-doc-pmay-g-0005-c6e2fcfefcd0	1
v2q-001	0	pilot-v2-doc-pmay-g-0006-d323213e3255	1
v2q-001	0	pilot-v2-doc-pmay-u-0000-0b5e95b2690a	0
v2q-001	0	pilot-v2-doc-pmay-u-0001-b64fadc4bf6b	0
v2q-001	0	pilot-v2-doc-pmuy-0001-5fd4d0cd2135	0
v2q-002	0	pilot-v2-doc-ab-pmjay-0001-a632a7205efc	0
v2q-002	0	pilot-v2-doc-ab-pmjay-0003-1242266bb260	0
v2q-002	0	pilot-v2-doc-apy-0000-c43dd88d7899	0
v2q-002	0	pilot-v2-doc-apy-0001-add48d27a4a2	0
v2q-002	0	pilot-v2-doc-apy-0002-66a5cc4017fb	0
v2q-002	0	pilot-v2-doc-apy-0003-68e7199c9d14	0
v2q-002	0	pilot-v2-doc-pm-gkay-0000-c29b96f46a80	0
v2q-002	0	pilot-v2-doc-pm-gkay-0001-ccd31e120258	0
v2q-002	0	pilot-v2-doc-pm-kisan-guidelines-0000-bbe94f08550e	0
v2q-002	0	pilot-v2-doc-pm-kisan-guidelines-0001-5ad8f250b7e2	0
v2q-002	0	pilot-v2-doc-pm-kisan-guidelines-0005-7d487843ff7f	0
v2q-002	0	pilot-v2-doc-pm-kisan-guidelines-0012-a77da98de388	0
v2q-002	0	pilot-v2-doc-pm-kmy-guidelines-0004-79b3bf95bb65	0
v2q-002	0	pilot-v2-doc-pm-kmy-guidelines-0006-2652020c834e	0
v2q-002	0	pilot-v2-doc-pmay-g-0001-db2db8af1543	0
v2q-002	0	pilot-v2-doc-pmegp-0001-f900b4f4f97a	0
v2q-002	0	pilot-v2-doc-pmegp-0002-f67d4c730011	0
v2q-002	0	pilot-v2-doc-pmfby-0000-d9ad07736d66	2
v2q-002	0	pilot-v2-doc-pmfby-0001-4270154049cc	1
v2q-002	0	pilot-v2-doc-pmfby-0002-5c46025b568d	1
v2q-002	0	pilot-v2-doc-pmfby-0003-5aa41e0f864d	1
v2q-002	0	pilot-v2-doc-pmfby-0004-25f813969307	1
v2q-002	0	pilot-v2-doc-pmfby-0005-981661f0b09d	1
v2q-002	0	pilot-v2-doc-pmkvy-stt-0001-ea2787dec4e8	0
v2q-002	0	pilot-v2-doc-pmsby-0000-0f297846df39	0
v2q-003	0	pilot-v2-doc-ab-pmjay-0000-94c82a474579	0
v2q-003	0	pilot-v2-doc-ab-pmjay-0001-a632a7205efc	0
v2q-003	0	pilot-v2-doc-ab-pmjay-0002-58c80bb24a6c	0
v2q-003	0	pilot-v2-doc-ab-pmjay-0003-1242266bb260	0
v2q-003	0	pilot-v2-doc-apy-0000-c43dd88d7899	0
v2q-003	0	pilot-v2-doc-mgnrega-0001-5203a455caa6	0
v2q-003	0	pilot-v2-doc-mgnrega-0002-bbbce5f319d4	0
v2q-003	0	pilot-v2-doc-pm-gkay-0000-c29b96f46a80	0
v2q-003	0	pilot-v2-doc-pm-kisan-guidelines-0000-bbe94f08550e	0
v2q-003	0	pilot-v2-doc-pm-kmy-guidelines-0016-4c964e587f94	0
v2q-003	0	pilot-v2-doc-pm-kmy-guidelines-0017-43ef720eda68	0
v2q-003	0	pilot-v2-doc-pm-kmy-guidelines-0020-27037b9fe8a1	0
v2q-003	0	pilot-v2-doc-pm-kmy-guidelines-0021-7ce201d9d183	0
v2q-003	0	pilot-v2-doc-pm-svanidhi-0001-e06d259b429d	0
v2q-003	0	pilot-v2-doc-pmegp-0003-43256e8e6645	0
v2q-003	0	pilot-v2-doc-pmfby-0000-d9ad07736d66	0
v2q-003	0	pilot-v2-doc-pmjdy-0000-8b241ec39723	2
v2q-003	0	pilot-v2-doc-pmjdy-0001-95c3d046d79a	2
v2q-003	0	pilot-v2-doc-pmjdy-0002-8b8c40538d6e	1
v2q-003	0	pilot-v2-doc-pmjjby-0000-47f7bb620cd4	0
v2q-003	0	pilot-v2-doc-pmkvy-rpl-0000-c98f315c1481	0
v2q-003	0	pilot-v2-doc-pmkvy-sp-0002-dc58b95bab9b	0
v2q-003	0	pilot-v2-doc-pmmy-0000-70a89ee32765	0
v2q-003	0	pilot-v2-doc-pmsby-0000-0f297846df39	0
v2q-003	0	pilot-v2-doc-pmuy-0001-5fd4d0cd2135	0
v2q-004	0	pilot-v2-doc-apy-0000-c43dd88d7899	0
v2q-004	0	pilot-v2-doc-apy-0001-add48d27a4a2	0
v2q-004	0	pilot-v2-doc-apy-0002-66a5cc4017fb	0
v2q-004	0	pilot-v2-doc-apy-0003-68e7199c9d14	0
v2q-004	0	pilot-v2-doc-mgnrega-0002-bbbce5f319d4	0
v2q-004	0	pilot-v2-doc-pm-gkay-0000-c29b96f46a80	0
v2q-004	0	pilot-v2-doc-pm-janman-0001-0deee4377b38	0
v2q-004	0	pilot-v2-doc-pm-kisan-guidelines-0000-bbe94f08550e	0
v2q-004	0	pilot-v2-doc-pm-kmy-guidelines-0020-27037b9fe8a1	0
v2q-004	0	pilot-v2-doc-pm-kmy-guidelines-0021-7ce201d9d183	0
v2q-004	0	pilot-v2-doc-pm-kmy-guidelines-0022-e87f63954812	0
v2q-004	0	pilot-v2-doc-pm-svanidhi-0000-f6024bb09ca5	0
v2q-004	0	pilot-v2-doc-pmay-g-0001-db2db8af1543	0
v2q-004	0	pilot-v2-doc-pmegp-0000-7b958e1ec4b0	0
v2q-004	0	pilot-v2-doc-pmegp-0001-f900b4f4f97a	0
v2q-004	0	pilot-v2-doc-pmegp-0002-f67d4c730011	0
v2q-004	0	pilot-v2-doc-pmegp-0003-43256e8e6645	0
v2q-004	0	pilot-v2-doc-pmegp-0004-80f46cce6893	0
v2q-004	0	pilot-v2-doc-pmjdy-0000-8b241ec39723	0
v2q-004	0	pilot-v2-doc-pmjjby-0000-47f7bb620cd4	0
v2q-004	0	pilot-v2-doc-pmmy-0000-70a89ee32765	2
v2q-004	0	pilot-v2-doc-pmmy-0001-6035d0d102e8	2
v2q-004	0	pilot-v2-doc-pmmy-0002-526833661bcb	1
v2q-004	0	pilot-v2-doc-pmsby-0000-0f297846df39	0
v2q-005	0	pilot-v2-doc-ab-pmjay-0000-94c82a474579	0
v2q-005	0	pilot-v2-doc-ab-pmjay-0001-a632a7205efc	0
v2q-005	0	pilot-v2-doc-ab-pmjay-0002-58c80bb24a6c	0
v2q-005	0	pilot-v2-doc-ab-pmjay-0003-1242266bb260	0
v2q-005	0	pilot-v2-doc-apy-0000-c43dd88d7899	0
v2q-005	0	pilot-v2-doc-mgnrega-0000-7e6d80b47566	2
v2q-005	0	pilot-v2-doc-mgnrega-0001-5203a455caa6	2
v2q-005	0	pilot-v2-doc-mgnrega-0002-bbbce5f319d4	1
v2q-005	0	pilot-v2-doc-mgnrega-0003-008750b5fc90	1
v2q-005	0	pilot-v2-doc-pm-gkay-0001-ccd31e120258	0
v2q-005	0	pilot-v2-doc-pm-kisan-guidelines-0000-bbe94f08550e	0
v2q-005	0	pilot-v2-doc-pm-kisan-guidelines-0005-7d487843ff7f	0
v2q-005	0	pilot-v2-doc-pm-kisan-guidelines-0012-a77da98de388	0
v2q-005	0	pilot-v2-doc-pm-kisan-guidelines-0014-ba6fddd38f9c	0
v2q-005	0	pilot-v2-doc-pm-kmy-guidelines-0000-0582a8323d67	0
v2q-005	0	pilot-v2-doc-pm-kmy-guidelines-0001-5d83566dbb68	0
v2q-005	0	pilot-v2-doc-pm-kmy-guidelines-0006-2652020c834e	0
v2q-005	0	pilot-v2-doc-pm-svanidhi-0001-e06d259b429d	0
v2q-005	0	pilot-v2-doc-pmay-g-0001-db2db8af1543	0
v2q-005	0	pilot-v2-doc-pmay-g-0006-d323213e3255	0
v2q-005	0	pilot-v2-doc-pmay-u-0001-b64fadc4bf6b	0
v2q-005	0	pilot-v2-doc-pmegp-0000-7b958e1ec4b0	0
v2q-005	0	pilot-v2-doc-pmjdy-0000-8b241ec39723	0
v2q-005	0	pilot-v2-doc-pmuy-0001-5fd4d0cd2135	0
v2q-006	0	pilot-v2-doc-ab-pmjay-0000-94c82a474579	2
v2q-006	0	pilot-v2-doc-ab-pmjay-0001-a632a7205efc	2
v2q-006	0	pilot-v2-doc-ab-pmjay-0002-58c80bb24a6c	1
v2q-006	0	pilot-v2-doc-ab-pmjay-0003-1242266bb260	1
v2q-006	0	pilot-v2-doc-ab-pmjay-0004-2e5074722cd7	1
v2q-006	0	pilot-v2-doc-mgnrega-0000-7e6d80b47566	0
v2q-006	0	pilot-v2-doc-mgnrega-0001-5203a455caa6	0
v2q-006	0	pilot-v2-doc-mgnrega-0002-bbbce5f319d4	0
v2q-006	0	pilot-v2-doc-mgnrega-0003-008750b5fc90	0
v2q-006	0	pilot-v2-doc-pm-gkay-0000-c29b96f46a80	0
v2q-006	0	pilot-v2-doc-pm-gkay-0001-ccd31e120258	0
v2q-006	0	pilot-v2-doc-pm-gkay-0002-9e804cd883e8	0
v2q-006	0	pilot-v2-doc-pm-janman-0002-d0844e3327b6	0
v2q-006	0	pilot-v2-doc-pm-kisan-guidelines-0003-8f87fe11bcaf	0
v2q-006	0	pilot-v2-doc-pm-kisan-guidelines-0004-b4ff0a728aa0	0
v2q-006	0	pilot-v2-doc-pm-kisan-guidelines-0007-38a7fcb29c5d	0
v2q-006	0	pilot-v2-doc-pm-kisan-guidelines-0012-a77da98de388	0
v2q-006	0	pilot-v2-doc-pmay-g-0000-d4162175877d	0
v2q-006	0	pilot-v2-doc-pmay-g-0001-db2db8af1543	0
v2q-006	0	pilot-v2-doc-pmay-u-0000-0b5e95b2690a	0
v2q-006	0	pilot-v2-doc-pmay-u-0001-b64fadc4bf6b	0
v2q-006	0	pilot-v2-doc-pmegp-0003-43256e8e6645	0
v2q-006	0	pilot-v2-doc-pmjdy-0000-8b241ec39723	0
v2q-006	0	pilot-v2-doc-pmjjby-0000-47f7bb620cd4	0
v2q-006	0	pilot-v2-doc-pmkvy-stt-0001-ea2787dec4e8	0
v2q-006	0	pilot-v2-doc-pmsby-0000-0f297846df39	0
v2q-006	0	pilot-v2-doc-pmuy-0001-5fd4d0cd2135	0
v2q-006	0	pilot-v2-doc-pmuy2-0001-065bd619e9c6	0
v2q-007	0	pilot-v2-doc-ab-pmjay-0000-94c82a474579	0
v2q-007	0	pilot-v2-doc-ab-pmjay-0001-a632a7205efc	0
v2q-007	0	pilot-v2-doc-ab-pmjay-0003-1242266bb260	0
v2q-007	0	pilot-v2-doc-ab-pmjay-0004-2e5074722cd7	0
v2q-007	0	pilot-v2-doc-apy-0000-c43dd88d7899	0
v2q-007	0	pilot-v2-doc-apy-0002-66a5cc4017fb	0
v2q-007	0	pilot-v2-doc-apy-0003-68e7199c9d14	0
v2q-007	0	pilot-v2-doc-mgnrega-0001-5203a455caa6	0
v2q-007	0	pilot-v2-doc-mgnrega-0003-008750b5fc90	0
v2q-007	0	pilot-v2-doc-pm-gkay-0000-c29b96f46a80	0
v2q-007	0	pilot-v2-doc-pm-janman-0000-69ac65d10edc	0
v2q-007	0	pilot-v2-doc-pm-kisan-guidelines-0010-3f4cd01daefd	0
v2q-007	0	pilot-v2-doc-pm-kmy-guidelines-0001-5d83566dbb68	0
v2q-007	0	pilot-v2-doc-pm-kmy-guidelines-0002-ae644e1f8c00	0
v2q-007	0	pilot-v2-doc-pm-kmy-guidelines-0003-30d7d7a0db81	0
v2q-007	0	pilot-v2-doc-pm-kmy-guidelines-0004-79b3bf95bb65	0
v2q-007	0	pilot-v2-doc-pm-kmy-guidelines-0018-67494b680dda	0
v2q-007	0	pilot-v2-doc-pm-kmy-guidelines-0020-27037b9fe8a1	0
v2q-007	0	pilot-v2-doc-pm-kmy-guidelines-0021-7ce201d9d183	0
v2q-007	0	pilot-v2-doc-pmfby-0000-d9ad07736d66	0
v2q-007	0	pilot-v2-doc-pmfby-0001-4270154049cc	0
v2q-007	0	pilot-v2-doc-pmfby-0003-5aa41e0f864d	0
v2q-007	0	pilot-v2-doc-pmjdy-0000-8b241ec39723	0
v2q-007	0	pilot-v2-doc-pmjdy-0001-95c3d046d79a	0
v2q-007	0	pilot-v2-doc-pmjjby-0000-47f7bb620cd4	2
v2q-007	0	pilot-v2-doc-pmmy-0000-70a89ee32765	0
v2q-007	0	pilot-v2-doc-pmsby-0000-0f297846df39	1
v2q-007	0	pilot-v2-doc-pmsby-0001-8851a01ce006	1
v2q-008	0	pilot-v2-doc-ab-pmjay-0000-94c82a474579	0
v2q-008	0	pilot-v2-doc-ab-pmjay-0001-a632a7205efc	0
v2q-008	0	pilot-v2-doc-ab-pmjay-0003-1242266bb260	0
v2q-008	0	pilot-v2-doc-apy-0000-c43dd88d7899	0
v2q-008	0	pilot-v2-doc-apy-0002-66a5cc4017fb	0
v2q-008	0	pilot-v2-doc-mgnrega-0001-5203a455caa6	0
v2q-008	0	pilot-v2-doc-pm-gkay-0000-c29b96f46a80	0
v2q-008	0	pilot-v2-doc-pm-janman-0000-69ac65d10edc	0
v2q-008	0	pilot-v2-doc-pm-kisan-guidelines-0000-bbe94f08550e	0
v2q-008	0	pilot-v2-doc-pm-kisan-guidelines-0006-11a173d99b65	0
v2q-008	0	pilot-v2-doc-pm-kisan-guidelines-0010-3f4cd01daefd	0
v2q-008	0	pilot-v2-doc-pm-kmy-guidelines-0020-27037b9fe8a1	0
v2q-008	0	pilot-v2-doc-pm-kmy-guidelines-0021-7ce201d9d183	0
v2q-008	0	pilot-v2-doc-pmegp-0003-43256e8e6645	0
v2q-008	0	pilot-v2-doc-pmfby-0000-d9ad07736d66	0
v2q-008	0	pilot-v2-doc-pmfby-0001-4270154049cc	0
v2q-008	0	pilot-v2-doc-pmfby-0004-25f813969307	0
v2q-008	0	pilot-v2-doc-pmjdy-0000-8b241ec39723	0
v2q-008	0	pilot-v2-doc-pmjdy-0001-95c3d046d79a	0
v2q-008	0	pilot-v2-doc-pmjjby-0000-47f7bb620cd4	0
v2q-008	0	pilot-v2-doc-pmkvy-rpl-0003-9425f5b8529a	0
v2q-008	0	pilot-v2-doc-pmkvy-sp-0003-738795a9ef96	0
v2q-008	0	pilot-v2-doc-pmkvy-stt-0001-ea2787dec4e8	0
v2q-008	0	pilot-v2-doc-pmmy-0000-70a89ee32765	0
v2q-008	0	pilot-v2-doc-pmsby-0000-0f297846df39	2
v2q-008	0	pilot-v2-doc-pmsby-0001-8851a01ce006	1
v2q-009	0	pilot-v2-doc-ab-pmjay-0001-a632a7205efc	0
v2q-009	0	pilot-v2-doc-ab-pmjay-0002-58c80bb24a6c	0
v2q-009	0	pilot-v2-doc-ab-pmjay-0003-1242266bb260	0
v2q-009	0	pilot-v2-doc-apy-0000-c43dd88d7899	2
v2q-009	0	pilot-v2-doc-apy-0001-add48d27a4a2	2
v2q-009	0	pilot-v2-doc-apy-0002-66a5cc4017fb	1
v2q-009	0	pilot-v2-doc-apy-0003-68e7199c9d14	1
v2q-009	0	pilot-v2-doc-mgnrega-0000-7e6d80b47566	0
v2q-009	0	pilot-v2-doc-mgnrega-0001-5203a455caa6	0
v2q-009	0	pilot-v2-doc-mgnrega-0002-bbbce5f319d4	0
v2q-009	0	pilot-v2-doc-pm-gkay-0000-c29b96f46a80	0
v2q-009	0	pilot-v2-doc-pm-kisan-guidelines-0001-5ad8f250b7e2	0
v2q-009	0	pilot-v2-doc-pm-kmy-guidelines-0000-0582a8323d67	0
v2q-009	0	pilot-v2-doc-pm-kmy-guidelines-0001-5d83566dbb68	0
v2q-009	0	pilot-v2-doc-pm-kmy-guidelines-0002-ae644e1f8c00	0
v2q-009	0	pilot-v2-doc-pm-kmy-guidelines-0005-1b88dfec836a	0
v2q-009	0	pilot-v2-doc-pm-kmy-guidelines-0006-2652020c834e	0
v2q-009	0	pilot-v2-doc-pm-kmy-guidelines-0007-64fd9c6362ca	0
v2q-009	0	pilot-v2-doc-pm-kmy-guidelines-0016-4c964e587f94	0
v2q-009	0	pilot-v2-doc-pm-kmy-guidelines-0020-27037b9fe8a1	0
v2q-009	0	pilot-v2-doc-pm-kmy-guidelines-0021-7ce201d9d183	0
v2q-009	0	pilot-v2-doc-pmjdy-0000-8b241ec39723	0
v2q-009	0	pilot-v2-doc-pmjjby-0000-47f7bb620cd4	0
v2q-009	0	pilot-v2-doc-pmmy-0000-70a89ee32765	0
v2q-009	0	pilot-v2-doc-pmsby-0000-0f297846df39	0
v2q-010	0	pilot-v2-doc-ab-pmjay-0000-94c82a474579	0
v2q-010	0	pilot-v2-doc-ab-pmjay-0001-a632a7205efc	0
v2q-010	0	pilot-v2-doc-ab-pmjay-0003-1242266bb260	0
v2q-010	0	pilot-v2-doc-apy-0003-68e7199c9d14	0
v2q-010	0	pilot-v2-doc-mgnrega-0000-7e6d80b47566	0
v2q-010	0	pilot-v2-doc-pm-gkay-0000-c29b96f46a80	0
v2q-010	0	pilot-v2-doc-pm-janman-0000-69ac65d10edc	0
v2q-010	0	pilot-v2-doc-pm-kisan-guidelines-0000-bbe94f08550e	0
v2q-010	0	pilot-v2-doc-pm-kisan-guidelines-0001-5ad8f250b7e2	0
v2q-010	0	pilot-v2-doc-pm-kmy-guidelines-0000-0582a8323d67	0
v2q-010	0	pilot-v2-doc-pm-kmy-guidelines-0003-30d7d7a0db81	0
v2q-010	0	pilot-v2-doc-pm-kmy-guidelines-0004-79b3bf95bb65	0
v2q-010	0	pilot-v2-doc-pm-kmy-guidelines-0005-1b88dfec836a	0
v2q-010	0	pilot-v2-doc-pm-kmy-guidelines-0019-2d8ab840045f	0
v2q-010	0	pilot-v2-doc-pm-poshan-0000-7be831685336	2
v2q-010	0	pilot-v2-doc-pm-poshan-0001-f1d73701c602	2
v2q-010	0	pilot-v2-doc-pmay-g-0000-d4162175877d	0
v2q-010	0	pilot-v2-doc-pmay-u-0000-0b5e95b2690a	0
v2q-010	0	pilot-v2-doc-pmfby-0000-d9ad07736d66	0
v2q-010	0	pilot-v2-doc-pmfby-0003-5aa41e0f864d	0
v2q-010	0	pilot-v2-doc-pmuy-0000-ad06c0c09d46	0
v2q-011	0	pilot-v2-doc-ab-pmjay-0000-94c82a474579	0
v2q-011	0	pilot-v2-doc-ab-pmjay-0001-a632a7205efc	0
v2q-011	0	pilot-v2-doc-ab-pmjay-0003-1242266bb260	0
v2q-011	0	pilot-v2-doc-mgnrega-0001-5203a455caa6	0
v2q-011	0	pilot-v2-doc-pm-janman-0000-69ac65d10edc	2
v2q-011	0	pilot-v2-doc-pm-janman-0001-0deee4377b38	2
v2q-011	0	pilot-v2-doc-pm-janman-0002-d0844e3327b6	2
v2q-011	0	pilot-v2-doc-pm-kisan-guidelines-0000-bbe94f08550e	0
v2q-011	0	pilot-v2-doc-pm-kisan-guidelines-0001-5ad8f250b7e2	0
v2q-011	0	pilot-v2-doc-pm-kisan-guidelines-0003-8f87fe11bcaf	0
v2q-011	0	pilot-v2-doc-pm-kisan-guidelines-0004-b4ff0a728aa0	0
v2q-011	0	pilot-v2-doc-pm-kisan-guidelines-0009-4b2b66f9fbc9	0
v2q-011	0	pilot-v2-doc-pm-kmy-guidelines-0004-79b3bf95bb65	0
v2q-011	0	pilot-v2-doc-pm-svanidhi-0000-f6024bb09ca5	0
v2q-011	0	pilot-v2-doc-pmegp-0000-7b958e1ec4b0	0
v2q-011	0	pilot-v2-doc-pmegp-0003-43256e8e6645	0
v2q-011	0	pilot-v2-doc-pmjdy-0000-8b241ec39723	0
v2q-011	0	pilot-v2-doc-pmjdy-0001-95c3d046d79a	0
v2q-011	0	pilot-v2-doc-pmmy-0000-70a89ee32765	0
v2q-012	0	pilot-v2-doc-ab-pmjay-0000-94c82a474579	0
v2q-012	0	pilot-v2-doc-ab-pmjay-0001-a632a7205efc	0
v2q-012	0	pilot-v2-doc-ab-pmjay-0002-58c80bb24a6c	0
v2q-012	0	pilot-v2-doc-ab-pmjay-0003-1242266bb260	0
v2q-012	0	pilot-v2-doc-apy-0000-c43dd88d7899	0
v2q-012	0	pilot-v2-doc-mgnrega-0001-5203a455caa6	0
v2q-012	0	pilot-v2-doc-pm-janman-0000-69ac65d10edc	0
v2q-012	0	pilot-v2-doc-pm-janman-0001-0deee4377b38	0
v2q-012	0	pilot-v2-doc-pm-janman-0002-d0844e3327b6	0
v2q-012	0	pilot-v2-doc-pm-kisan-guidelines-0000-bbe94f08550e	0
v2q-012	0	pilot-v2-doc-pm-kisan-guidelines-0001-5ad8f250b7e2	0
v2q-012	0	pilot-v2-doc-pm-kisan-guidelines-0005-7d487843ff7f	0
v2q-012	0	pilot-v2-doc-pm-kmy-guidelines-0000-0582a8323d67	0
v2q-012	0	pilot-v2-doc-pm-kmy-guidelines-0002-ae644e1f8c00	0
v2q-012	0	pilot-v2-doc-pm-kmy-guidelines-0003-30d7d7a0db81	0
v2q-012	0	pilot-v2-doc-pm-kmy-guidelines-0004-79b3bf95bb65	0
v2q-012	0	pilot-v2-doc-pm-kmy-guidelines-0007-64fd9c6362ca	0
v2q-012	0	pilot-v2-doc-pm-svanidhi-0000-f6024bb09ca5	2
v2q-012	0	pilot-v2-doc-pm-svanidhi-0001-e06d259b429d	2
v2q-012	0	pilot-v2-doc-pm-svanidhi-0002-280acc14217b	1
v2q-012	0	pilot-v2-doc-pmay-g-0000-d4162175877d	0
v2q-012	0	pilot-v2-doc-pmay-g-0001-db2db8af1543	0
v2q-012	0	pilot-v2-doc-pmay-u-0000-0b5e95b2690a	0
v2q-012	0	pilot-v2-doc-pmay-u-0001-b64fadc4bf6b	0
v2q-012	0	pilot-v2-doc-pmegp-0003-43256e8e6645	0
v2q-012	0	pilot-v2-doc-pmmy-0001-6035d0d102e8	0
v2q-013	0	pilot-v2-doc-ab-pmjay-0000-94c82a474579	0
v2q-013	0	pilot-v2-doc-ab-pmjay-0001-a632a7205efc	0
v2q-013	0	pilot-v2-doc-ab-pmjay-0002-58c80bb24a6c	0
v2q-013	0	pilot-v2-doc-apy-0000-c43dd88d7899	0
v2q-013	0	pilot-v2-doc-apy-0001-add48d27a4a2	0
v2q-013	0	pilot-v2-doc-pm-janman-0002-d0844e3327b6	0
v2q-013	0	pilot-v2-doc-pmay-g-0000-d4162175877d	0
v2q-013	0	pilot-v2-doc-pmay-g-0001-db2db8af1543	1
v2q-013	0	pilot-v2-doc-pmay-g-0002-e08c1e347071	1
v2q-013	0	pilot-v2-doc-pmay-g-0004-f8ee90715c3f	0
v2q-013	0	pilot-v2-doc-pmay-g-0005-c6e2fcfefcd0	0
v2q-013	0	pilot-v2-doc-pmay-u-0001-b64fadc4bf6b	0
v2q-013	0	pilot-v2-doc-pmegp-0004-80f46cce6893	0
v2q-013	0	pilot-v2-doc-pmfby-0002-5c46025b568d	0
v2q-013	0	pilot-v2-doc-pmuy-0000-ad06c0c09d46	2
v2q-013	0	pilot-v2-doc-pmuy-0001-5fd4d0cd2135	2
v2q-013	0	pilot-v2-doc-pmuy2-0000-95fa2d4e3b3f	2
v2q-013	0	pilot-v2-doc-pmuy2-0001-065bd619e9c6	2
v2q-013	0	pilot-v2-doc-pmuy2-0002-61d762b2cd43	2
v2q-014	0	pilot-v2-doc-ab-pmjay-0000-94c82a474579	0
v2q-014	0	pilot-v2-doc-ab-pmjay-0002-58c80bb24a6c	0
v2q-014	0	pilot-v2-doc-ab-pmjay-0003-1242266bb260	0
v2q-014	0	pilot-v2-doc-apy-0000-c43dd88d7899	0
v2q-014	0	pilot-v2-doc-apy-0001-add48d27a4a2	0
v2q-014	0	pilot-v2-doc-apy-0002-66a5cc4017fb	0
v2q-014	0	pilot-v2-doc-mgnrega-0002-bbbce5f319d4	0
v2q-014	0	pilot-v2-doc-pm-gkay-0000-c29b96f46a80	2
v2q-014	0	pilot-v2-doc-pm-gkay-0001-ccd31e120258	2
v2q-014	0	pilot-v2-doc-pm-gkay-0002-9e804cd883e8	1
v2q-014	0	pilot-v2-doc-pm-kisan-guidelines-0000-bbe94f08550e	0
v2q-014	0	pilot-v2-doc-pm-kmy-guidelines-0000-0582a8323d67	0
v2q-014	0	pilot-v2-doc-pm-kmy-guidelines-0006-2652020c834e	0
v2q-014	0	pilot-v2-doc-pm-poshan-0000-7be831685336	0
v2q-014	0	pilot-v2-doc-pm-poshan-0001-f1d73701c602	0
v2q-014	0	pilot-v2-doc-pmay-g-0002-e08c1e347071	0
v2q-014	0	pilot-v2-doc-pmay-g-0003-2769023a3f73	0
v2q-014	0	pilot-v2-doc-pmay-g-0004-f8ee90715c3f	0
v2q-014	0	pilot-v2-doc-pmay-u-0000-0b5e95b2690a	0
v2q-014	0	pilot-v2-doc-pmegp-0000-7b958e1ec4b0	0
v2q-014	0	pilot-v2-doc-pmegp-0003-43256e8e6645	0
v2q-014	0	pilot-v2-doc-pmuy-0000-ad06c0c09d46	0
v2q-014	0	pilot-v2-doc-pmuy-0001-5fd4d0cd2135	0
v2q-015	0	pilot-v2-doc-ab-pmjay-0000-94c82a474579	0
v2q-015	0	pilot-v2-doc-ab-pmjay-0002-58c80bb24a6c	0
v2q-015	0	pilot-v2-doc-apy-0000-c43dd88d7899	0
v2q-015	0	pilot-v2-doc-mgnrega-0001-5203a455caa6	0
v2q-015	0	pilot-v2-doc-mgnrega-0002-bbbce5f319d4	0
v2q-015	0	pilot-v2-doc-pm-kisan-guidelines-0005-7d487843ff7f	0
v2q-015	0	pilot-v2-doc-pm-kisan-guidelines-0010-3f4cd01daefd	0
v2q-015	0	pilot-v2-doc-pm-kisan-guidelines-0011-06191a382507	0
v2q-015	0	pilot-v2-doc-pm-kmy-guidelines-0001-5d83566dbb68	0
v2q-015	0	pilot-v2-doc-pm-kmy-guidelines-0002-ae644e1f8c00	0
v2q-015	0	pilot-v2-doc-pm-kmy-guidelines-0004-79b3bf95bb65	0
v2q-015	0	pilot-v2-doc-pm-svanidhi-0000-f6024bb09ca5	0
v2q-015	0	pilot-v2-doc-pmay-g-0000-d4162175877d	0
v2q-015	0	pilot-v2-doc-pmegp-0000-7b958e1ec4b0	2
v2q-015	0	pilot-v2-doc-pmegp-0003-43256e8e6645	2
v2q-015	0	pilot-v2-doc-pmegp-0004-80f46cce6893	1
v2q-015	0	pilot-v2-doc-pmfby-0000-d9ad07736d66	0
v2q-015	0	pilot-v2-doc-pmfby-0002-5c46025b568d	0
v2q-015	0	pilot-v2-doc-pmkvy-sp-0000-0fc5cf1d7fb0	0
v2q-015	0	pilot-v2-doc-pmmy-0000-70a89ee32765	0
v2q-015	0	pilot-v2-doc-pmmy-0001-6035d0d102e8	0
v2q-015	0	pilot-v2-doc-pmmy-0002-526833661bcb	0
v2q-016	0	pilot-v2-doc-ab-pmjay-0002-58c80bb24a6c	0
v2q-016	0	pilot-v2-doc-pmkvy-rpl-0000-c98f315c1481	2
v2q-016	0	pilot-v2-doc-pmkvy-rpl-0001-9ccf0701dcf9	1
v2q-016	0	pilot-v2-doc-pmkvy-rpl-0002-a3163111d20f	2
v2q-016	0	pilot-v2-doc-pmkvy-rpl-0003-9425f5b8529a	2
v2q-016	0	pilot-v2-doc-pmkvy-rpl-0004-3a140d40bcee	2
v2q-016	0	pilot-v2-doc-pmkvy-sp-0000-0fc5cf1d7fb0	0
v2q-016	0	pilot-v2-doc-pmkvy-sp-0001-43aac7629fa6	0
v2q-016	0	pilot-v2-doc-pmkvy-sp-0002-dc58b95bab9b	0
v2q-016	0	pilot-v2-doc-pmkvy-sp-0003-738795a9ef96	0
v2q-016	0	pilot-v2-doc-pmkvy-sp-0004-57e566374b9c	0
v2q-016	0	pilot-v2-doc-pmkvy-stt-0000-546ef459ea0e	0
v2q-016	0	pilot-v2-doc-pmkvy-stt-0001-ea2787dec4e8	0
v2q-016	0	pilot-v2-doc-pmkvy-stt-0002-9b8eeae9f924	0
v2q-016	0	pilot-v2-doc-pmkvy-stt-0003-3729a1c2e22c	0
v2q-016	0	pilot-v2-doc-pmkvy-stt-0004-0258e7b813c4	0
v2q-017	0	pilot-v2-doc-ab-pmjay-0002-58c80bb24a6c	0
v2q-017	0	pilot-v2-doc-pmkvy-rpl-0000-c98f315c1481	0
v2q-017	0	pilot-v2-doc-pmkvy-rpl-0001-9ccf0701dcf9	0
v2q-017	0	pilot-v2-doc-pmkvy-rpl-0002-a3163111d20f	0
v2q-017	0	pilot-v2-doc-pmkvy-rpl-0003-9425f5b8529a	0
v2q-017	0	pilot-v2-doc-pmkvy-rpl-0004-3a140d40bcee	0
v2q-017	0	pilot-v2-doc-pmkvy-sp-0000-0fc5cf1d7fb0	0
v2q-017	0	pilot-v2-doc-pmkvy-sp-0001-43aac7629fa6	0
v2q-017	0	pilot-v2-doc-pmkvy-sp-0002-dc58b95bab9b	0
v2q-017	0	pilot-v2-doc-pmkvy-sp-0003-738795a9ef96	0
v2q-017	0	pilot-v2-doc-pmkvy-sp-0004-57e566374b9c	0
v2q-017	0	pilot-v2-doc-pmkvy-stt-0000-546ef459ea0e	2
v2q-017	0	pilot-v2-doc-pmkvy-stt-0001-ea2787dec4e8	1
v2q-017	0	pilot-v2-doc-pmkvy-stt-0002-9b8eeae9f924	2
v2q-017	0	pilot-v2-doc-pmkvy-stt-0003-3729a1c2e22c	2
v2q-017	0	pilot-v2-doc-pmkvy-stt-0004-0258e7b813c4	1
v2q-018	0	pilot-v2-doc-ab-pmjay-0000-94c82a474579	0
v2q-018	0	pilot-v2-doc-ab-pmjay-0001-a632a7205efc	0
v2q-018	0	pilot-v2-doc-apy-0000-c43dd88d7899	0
v2q-018	0	pilot-v2-doc-apy-0001-add48d27a4a2	0
v2q-018	0	pilot-v2-doc-apy-0002-66a5cc4017fb	0
v2q-018	0	pilot-v2-doc-mgnrega-0001-5203a455caa6	0
v2q-018	0	pilot-v2-doc-pm-gkay-0000-c29b96f46a80	0
v2q-018	0	pilot-v2-doc-pm-gkay-0002-9e804cd883e8	0
v2q-018	0	pilot-v2-doc-pm-janman-0000-69ac65d10edc	0
v2q-018	0	pilot-v2-doc-pm-janman-0001-0deee4377b38	0
v2q-018	0	pilot-v2-doc-pm-janman-0002-d0844e3327b6	0
v2q-018	0	pilot-v2-doc-pmay-g-0000-d4162175877d	0
v2q-018	0	pilot-v2-doc-pmay-g-0001-db2db8af1543	0
v2q-018	0	pilot-v2-doc-pmay-g-0002-e08c1e347071	0
v2q-018	0	pilot-v2-doc-pmay-g-0003-2769023a3f73	0
v2q-018	0	pilot-v2-doc-pmay-g-0004-f8ee90715c3f	0
v2q-018	0	pilot-v2-doc-pmay-u-0000-0b5e95b2690a	2
v2q-018	0	pilot-v2-doc-pmay-u-0001-b64fadc4bf6b	2
v2q-018	0	pilot-v2-doc-pmuy2-0000-95fa2d4e3b3f	0
v2q-019	0	pilot-v2-doc-ab-pmjay-0000-94c82a474579	0
v2q-019	0	pilot-v2-doc-ab-pmjay-0001-a632a7205efc	0
v2q-019	0	pilot-v2-doc-ab-pmjay-0003-1242266bb260	0
v2q-019	0	pilot-v2-doc-apy-0000-c43dd88d7899	0
v2q-019	0	pilot-v2-doc-mgnrega-0000-7e6d80b47566	0
v2q-019	0	pilot-v2-doc-mgnrega-0002-bbbce5f319d4	0
v2q-019	0	pilot-v2-doc-pm-gkay-0002-9e804cd883e8	0
v2q-019	0	pilot-v2-doc-pm-janman-0000-69ac65d10edc	0
v2q-019	0	pilot-v2-doc-pm-svanidhi-0000-f6024bb09ca5	0
v2q-019	0	pilot-v2-doc-pmay-g-0000-d4162175877d	0
v2q-019	0	pilot-v2-doc-pmay-g-0001-db2db8af1543	0
v2q-019	0	pilot-v2-doc-pmay-u-0001-b64fadc4bf6b	0
v2q-019	0	pilot-v2-doc-pmegp-0003-43256e8e6645	0
v2q-019	0	pilot-v2-doc-pmfby-0000-d9ad07736d66	0
v2q-019	0	pilot-v2-doc-pmfby-0001-4270154049cc	0
v2q-019	0	pilot-v2-doc-pmjdy-0000-8b241ec39723	0
v2q-019	0	pilot-v2-doc-pmkvy-rpl-0002-a3163111d20f	0
v2q-019	0	pilot-v2-doc-pmkvy-sp-0000-0fc5cf1d7fb0	0
v2q-019	0	pilot-v2-doc-pmuy-0000-ad06c0c09d46	1
v2q-019	0	pilot-v2-doc-pmuy-0001-5fd4d0cd2135	1
v2q-019	0	pilot-v2-doc-pmuy2-0000-95fa2d4e3b3f	2
v2q-019	0	pilot-v2-doc-pmuy2-0001-065bd619e9c6	1
v2q-019	0	pilot-v2-doc-pmuy2-0002-61d762b2cd43	1
v2q-020	0	pilot-v2-doc-ab-pmjay-0000-94c82a474579	0
v2q-020	0	pilot-v2-doc-ab-pmjay-0001-a632a7205efc	0
v2q-020	0	pilot-v2-doc-apy-0001-add48d27a4a2	0
v2q-020	0	pilot-v2-doc-mgnrega-0000-7e6d80b47566	0
v2q-020	0	pilot-v2-doc-mgnrega-0001-5203a455caa6	0
v2q-020	0	pilot-v2-doc-mgnrega-0002-bbbce5f319d4	0
v2q-020	0	pilot-v2-doc-pm-janman-0002-d0844e3327b6	0
v2q-020	0	pilot-v2-doc-pm-kisan-guidelines-0007-38a7fcb29c5d	0
v2q-020	0	pilot-v2-doc-pm-kisan-guidelines-0009-4b2b66f9fbc9	0
v2q-020	0	pilot-v2-doc-pm-kisan-guidelines-0010-3f4cd01daefd	0
v2q-020	0	pilot-v2-doc-pm-kmy-guidelines-0020-27037b9fe8a1	0
v2q-020	0	pilot-v2-doc-pm-kmy-guidelines-0021-7ce201d9d183	0
v2q-020	0	pilot-v2-doc-pmay-g-0002-e08c1e347071	0
v2q-020	0	pilot-v2-doc-pmay-g-0003-2769023a3f73	0
v2q-020	0	pilot-v2-doc-pmay-g-0004-f8ee90715c3f	0
v2q-020	0	pilot-v2-doc-pmkvy-rpl-0000-c98f315c1481	2
v2q-020	0	pilot-v2-doc-pmkvy-rpl-0003-9425f5b8529a	1
v2q-020	0	pilot-v2-doc-pmkvy-sp-0000-0fc5cf1d7fb0	2
v2q-020	0	pilot-v2-doc-pmkvy-sp-0001-43aac7629fa6	1
v2q-020	0	pilot-v2-doc-pmkvy-sp-0002-dc58b95bab9b	1
v2q-020	0	pilot-v2-doc-pmkvy-sp-0003-738795a9ef96	1
v2q-020	0	pilot-v2-doc-pmkvy-sp-0004-57e566374b9c	1
v2q-020	0	pilot-v2-doc-pmkvy-stt-0000-546ef459ea0e	1
v2q-020	0	pilot-v2-doc-pmkvy-stt-0001-ea2787dec4e8	1
v2q-021	0	pilot-v2-doc-ab-pmjay-0000-94c82a474579	0
v2q-021	0	pilot-v2-doc-ab-pmjay-0001-a632a7205efc	0
v2q-021	0	pilot-v2-doc-ab-pmjay-0003-1242266bb260	0
v2q-021	0	pilot-v2-doc-mgnrega-0000-7e6d80b47566	0
v2q-021	0	pilot-v2-doc-pm-kisan-guidelines-0000-bbe94f08550e	0
v2q-021	0	pilot-v2-doc-pm-kisan-guidelines-0001-5ad8f250b7e2	0
v2q-021	0	pilot-v2-doc-pm-kisan-guidelines-0012-a77da98de388	0
v2q-021	0	pilot-v2-doc-pm-kmy-guidelines-0001-5d83566dbb68	0
v2q-021	0	pilot-v2-doc-pm-kmy-guidelines-0003-30d7d7a0db81	0
v2q-021	0	pilot-v2-doc-pm-kmy-guidelines-0004-79b3bf95bb65	0
v2q-021	0	pilot-v2-doc-pmfby-0000-d9ad07736d66	2
v2q-021	0	pilot-v2-doc-pmfby-0001-4270154049cc	1
v2q-021	0	pilot-v2-doc-pmfby-0002-5c46025b568d	1
v2q-021	0	pilot-v2-doc-pmfby-0003-5aa41e0f864d	1
v2q-021	0	pilot-v2-doc-pmfby-0004-25f813969307	1
v2q-021	0	pilot-v2-doc-pmfby-0005-981661f0b09d	1
v2q-021	0	pilot-v2-doc-pmjdy-0000-8b241ec39723	0
v2q-021	0	pilot-v2-doc-pmjdy-0001-95c3d046d79a	0
v2q-021	0	pilot-v2-doc-pmjjby-0000-47f7bb620cd4	0
v2q-021	0	pilot-v2-doc-pmsby-0000-0f297846df39	0
v2q-022	0	pilot-v2-doc-ab-pmjay-0000-94c82a474579	0
v2q-022	0	pilot-v2-doc-ab-pmjay-0001-a632a7205efc	0
v2q-022	0	pilot-v2-doc-ab-pmjay-0002-58c80bb24a6c	0
v2q-022	0	pilot-v2-doc-apy-0000-c43dd88d7899	0
v2q-022	0	pilot-v2-doc-mgnrega-0003-008750b5fc90	0
v2q-022	0	pilot-v2-doc-pm-gkay-0000-c29b96f46a80	0
v2q-022	0	pilot-v2-doc-pm-janman-0002-d0844e3327b6	0
v2q-022	0	pilot-v2-doc-pm-kisan-guidelines-0001-5ad8f250b7e2	0
v2q-022	0	pilot-v2-doc-pm-kmy-guidelines-0002-ae644e1f8c00	0
v2q-022	0	pilot-v2-doc-pm-kmy-guidelines-0005-1b88dfec836a	0
v2q-022	0	pilot-v2-doc-pm-kmy-guidelines-0020-27037b9fe8a1	0
v2q-022	0	pilot-v2-doc-pm-kmy-guidelines-0021-7ce201d9d183	0
v2q-022	0	pilot-v2-doc-pm-kmy-guidelines-0022-e87f63954812	0
v2q-022	0	pilot-v2-doc-pm-svanidhi-0000-f6024bb09ca5	0
v2q-022	0	pilot-v2-doc-pm-svanidhi-0001-e06d259b429d	0
v2q-022	0	pilot-v2-doc-pmay-g-0001-db2db8af1543	0
v2q-022	0	pilot-v2-doc-pmay-g-0003-2769023a3f73	0
v2q-022	0	pilot-v2-doc-pmay-g-0005-c6e2fcfefcd0	0
v2q-022	0	pilot-v2-doc-pmegp-0000-7b958e1ec4b0	0
v2q-022	0	pilot-v2-doc-pmegp-0001-f900b4f4f97a	0
v2q-022	0	pilot-v2-doc-pmegp-0002-f67d4c730011	0
v2q-022	0	pilot-v2-doc-pmegp-0003-43256e8e6645	0
v2q-022	0	pilot-v2-doc-pmegp-0004-80f46cce6893	0
v2q-022	0	pilot-v2-doc-pmjdy-0000-8b241ec39723	0
v2q-022	0	pilot-v2-doc-pmjjby-0000-47f7bb620cd4	0
v2q-022	0	pilot-v2-doc-pmmy-0000-70a89ee32765	2
v2q-022	0	pilot-v2-doc-pmmy-0001-6035d0d102e8	1
v2q-022	0	pilot-v2-doc-pmmy-0002-526833661bcb	1
v2q-022	0	pilot-v2-doc-pmsby-0000-0f297846df39	0
v2q-023	0	pilot-v2-doc-ab-pmjay-0002-58c80bb24a6c	0
v2q-023	0	pilot-v2-doc-ab-pmjay-0003-1242266bb260	0
v2q-023	0	pilot-v2-doc-apy-0000-c43dd88d7899	0
v2q-023	0	pilot-v2-doc-mgnrega-0000-7e6d80b47566	2
v2q-023	0	pilot-v2-doc-mgnrega-0001-5203a455caa6	2
v2q-023	0	pilot-v2-doc-mgnrega-0002-bbbce5f319d4	2
v2q-023	0	pilot-v2-doc-mgnrega-0003-008750b5fc90	2
v2q-023	0	pilot-v2-doc-pm-gkay-0000-c29b96f46a80	0
v2q-023	0	pilot-v2-doc-pm-gkay-0001-ccd31e120258	0
v2q-023	0	pilot-v2-doc-pm-gkay-0002-9e804cd883e8	0
v2q-023	0	pilot-v2-doc-pm-kisan-guidelines-0007-38a7fcb29c5d	0
v2q-023	0	pilot-v2-doc-pm-kmy-guidelines-0003-30d7d7a0db81	0
v2q-023	0	pilot-v2-doc-pm-kmy-guidelines-0004-79b3bf95bb65	0
v2q-023	0	pilot-v2-doc-pm-svanidhi-0000-f6024bb09ca5	0
v2q-023	0	pilot-v2-doc-pmay-g-0000-d4162175877d	0
v2q-023	0	pilot-v2-doc-pmay-g-0001-db2db8af1543	0
v2q-023	0	pilot-v2-doc-pmay-g-0002-e08c1e347071	0
v2q-023	0	pilot-v2-doc-pmay-g-0003-2769023a3f73	0
v2q-023	0	pilot-v2-doc-pmay-g-0006-d323213e3255	0
v2q-023	0	pilot-v2-doc-pmay-u-0001-b64fadc4bf6b	0
v2q-023	0	pilot-v2-doc-pmjdy-0000-8b241ec39723	0
v2q-023	0	pilot-v2-doc-pmkvy-rpl-0003-9425f5b8529a	0
v2q-023	0	pilot-v2-doc-pmkvy-sp-0003-738795a9ef96	0
v2q-023	0	pilot-v2-doc-pmkvy-stt-0003-3729a1c2e22c	0
v2q-023	0	pilot-v2-doc-pmuy-0001-5fd4d0cd2135	0
v2q-024	0	pilot-v2-doc-ab-pmjay-0000-94c82a474579	2
v2q-024	0	pilot-v2-doc-ab-pmjay-0001-a632a7205efc	1
v2q-024	0	pilot-v2-doc-ab-pmjay-0002-58c80bb24a6c	1
v2q-024	0	pilot-v2-doc-ab-pmjay-0003-1242266bb260	1
v2q-024	0	pilot-v2-doc-ab-pmjay-0004-2e5074722cd7	1
v2q-024	0	pilot-v2-doc-apy-0001-add48d27a4a2	0
v2q-024	0	pilot-v2-doc-mgnrega-0000-7e6d80b47566	0
v2q-024	0	pilot-v2-doc-pm-gkay-0000-c29b96f46a80	0
v2q-024	0	pilot-v2-doc-pm-janman-0000-69ac65d10edc	0
v2q-024	0	pilot-v2-doc-pm-janman-0001-0deee4377b38	0
v2q-024	0	pilot-v2-doc-pm-janman-0002-d0844e3327b6	0
v2q-024	0	pilot-v2-doc-pm-kisan-guidelines-0000-bbe94f08550e	0
v2q-024	0	pilot-v2-doc-pm-kisan-guidelines-0005-7d487843ff7f	0
v2q-024	0	pilot-v2-doc-pm-kmy-guidelines-0004-79b3bf95bb65	0
v2q-024	0	pilot-v2-doc-pm-kmy-guidelines-0020-27037b9fe8a1	0
v2q-024	0	pilot-v2-doc-pm-kmy-guidelines-0021-7ce201d9d183	0
v2q-024	0	pilot-v2-doc-pmegp-0000-7b958e1ec4b0	0
v2q-024	0	pilot-v2-doc-pmkvy-rpl-0000-c98f315c1481	0
v2q-024	0	pilot-v2-doc-pmkvy-sp-0003-738795a9ef96	0
v2q-024	0	pilot-v2-doc-pmkvy-stt-0000-546ef459ea0e	0
v2q-024	0	pilot-v2-doc-pmkvy-stt-0004-0258e7b813c4	0
v2q-024	0	pilot-v2-doc-pmuy-0000-ad06c0c09d46	0
v2q-024	0	pilot-v2-doc-pmuy2-0000-95fa2d4e3b3f	0
v2q-025	0	pilot-v2-doc-ab-pmjay-0000-94c82a474579	0
v2q-025	0	pilot-v2-doc-ab-pmjay-0001-a632a7205efc	0
v2q-025	0	pilot-v2-doc-ab-pmjay-0002-58c80bb24a6c	0
v2q-025	0	pilot-v2-doc-apy-0000-c43dd88d7899	0
v2q-025	0	pilot-v2-doc-pm-gkay-0000-c29b96f46a80	0
v2q-025	0	pilot-v2-doc-pm-kmy-guidelines-0004-79b3bf95bb65	0
v2q-025	0	pilot-v2-doc-pm-kmy-guidelines-0020-27037b9fe8a1	0
v2q-025	0	pilot-v2-doc-pm-kmy-guidelines-0021-7ce201d9d183	0
v2q-025	0	pilot-v2-doc-pm-svanidhi-0000-f6024bb09ca5	0
v2q-025	0	pilot-v2-doc-pmegp-0000-7b958e1ec4b0	0
v2q-025	0	pilot-v2-doc-pmegp-0001-f900b4f4f97a	0
v2q-025	0	pilot-v2-doc-pmegp-0003-43256e8e6645	0
v2q-025	0	pilot-v2-doc-pmfby-0000-d9ad07736d66	0
v2q-025	0	pilot-v2-doc-pmjdy-0000-8b241ec39723	2
v2q-025	0	pilot-v2-doc-pmjdy-0001-95c3d046d79a	2
v2q-025	0	pilot-v2-doc-pmjdy-0002-8b8c40538d6e	1
v2q-025	0	pilot-v2-doc-pmjjby-0000-47f7bb620cd4	0
v2q-025	0	pilot-v2-doc-pmmy-0000-70a89ee32765	2
v2q-025	0	pilot-v2-doc-pmmy-0001-6035d0d102e8	2
v2q-025	0	pilot-v2-doc-pmmy-0002-526833661bcb	1
v2q-025	0	pilot-v2-doc-pmsby-0000-0f297846df39	0
v2q-026	0	pilot-v2-doc-ab-pmjay-0002-58c80bb24a6c	0
v2q-026	0	pilot-v2-doc-ab-pmjay-0003-1242266bb260	0
v2q-026	0	pilot-v2-doc-mgnrega-0000-7e6d80b47566	2
v2q-026	0	pilot-v2-doc-mgnrega-0001-5203a455caa6	2
v2q-026	0	pilot-v2-doc-mgnrega-0002-bbbce5f319d4	1
v2q-026	0	pilot-v2-doc-mgnrega-0003-008750b5fc90	1
v2q-026	0	pilot-v2-doc-pm-janman-0000-69ac65d10edc	0
v2q-026	0	pilot-v2-doc-pm-janman-0001-0deee4377b38	0
v2q-026	0	pilot-v2-doc-pm-janman-0002-d0844e3327b6	0
v2q-026	0	pilot-v2-doc-pm-kisan-guidelines-0005-7d487843ff7f	0
v2q-026	0	pilot-v2-doc-pm-kisan-guidelines-0012-a77da98de388	0
v2q-026	0	pilot-v2-doc-pm-svanidhi-0001-e06d259b429d	0
v2q-026	0	pilot-v2-doc-pmay-g-0000-d4162175877d	2
v2q-026	0	pilot-v2-doc-pmay-g-0001-db2db8af1543	2
v2q-026	0	pilot-v2-doc-pmay-g-0002-e08c1e347071	1
v2q-026	0	pilot-v2-doc-pmay-g-0003-2769023a3f73	1
v2q-026	0	pilot-v2-doc-pmay-g-0004-f8ee90715c3f	1
v2q-026	0	pilot-v2-doc-pmay-g-0005-c6e2fcfefcd0	2
v2q-026	0	pilot-v2-doc-pmay-g-0006-d323213e3255	1
v2q-026	0	pilot-v2-doc-pmay-u-0000-0b5e95b2690a	0
v2q-026	0	pilot-v2-doc-pmay-u-0001-b64fadc4bf6b	0
v2q-026	0	pilot-v2-doc-pmegp-0000-7b958e1ec4b0	0
v2q-026	0	pilot-v2-doc-pmuy2-0000-95fa2d4e3b3f	0
v2q-027	0	pilot-v2-doc-ab-pmjay-0000-94c82a474579	0
v2q-027	0	pilot-v2-doc-ab-pmjay-0001-a632a7205efc	0
v2q-027	0	pilot-v2-doc-ab-pmjay-0002-58c80bb24a6c	0
v2q-027	0	pilot-v2-doc-mgnrega-0001-5203a455caa6	0
v2q-027	0	pilot-v2-doc-pm-gkay-0000-c29b96f46a80	0
v2q-027	0	pilot-v2-doc-pm-janman-0000-69ac65d10edc	0
v2q-027	0	pilot-v2-doc-pm-kisan-guidelines-0000-bbe94f08550e	0
v2q-027	0	pilot-v2-doc-pm-kmy-guidelines-0000-0582a8323d67	0
v2q-027	0	pilot-v2-doc-pm-kmy-guidelines-0002-ae644e1f8c00	0
v2q-027	0	pilot-v2-doc-pm-kmy-guidelines-0003-30d7d7a0db81	0
v2q-027	0	pilot-v2-doc-pm-svanidhi-0000-f6024bb09ca5	2
v2q-027	0	pilot-v2-doc-pm-svanidhi-0001-e06d259b429d	2
v2q-027	0	pilot-v2-doc-pm-svanidhi-0002-280acc14217b	1
v2q-027	0	pilot-v2-doc-pmay-g-0000-d4162175877d	0
v2q-027	0	pilot-v2-doc-pmay-g-0001-db2db8af1543	0
v2q-027	0	pilot-v2-doc-pmay-g-0003-2769023a3f73	0
v2q-027	0	pilot-v2-doc-pmay-g-0005-c6e2fcfefcd0	0
v2q-027	0	pilot-v2-doc-pmay-u-0000-0b5e95b2690a	2
v2q-027	0	pilot-v2-doc-pmay-u-0001-b64fadc4bf6b	2
v2q-027	0	pilot-v2-doc-pmegp-0000-7b958e1ec4b0	0
v2q-027	0	pilot-v2-doc-pmegp-0003-43256e8e6645	0
v2q-028	0	pilot-v2-doc-pm-kisan-guidelines-0000-bbe94f08550e	0
v2q-028	0	pilot-v2-doc-pm-kisan-guidelines-0015-763c5a3df330	0
v2q-028	0	pilot-v2-doc-pmkvy-rpl-0000-c98f315c1481	2
v2q-028	0	pilot-v2-doc-pmkvy-rpl-0001-9ccf0701dcf9	2
v2q-028	0	pilot-v2-doc-pmkvy-rpl-0002-a3163111d20f	1
v2q-028	0	pilot-v2-doc-pmkvy-rpl-0003-9425f5b8529a	1
v2q-028	0	pilot-v2-doc-pmkvy-rpl-0004-3a140d40bcee	2
v2q-028	0	pilot-v2-doc-pmkvy-sp-0000-0fc5cf1d7fb0	1
v2q-028	0	pilot-v2-doc-pmkvy-sp-0001-43aac7629fa6	1
v2q-028	0	pilot-v2-doc-pmkvy-sp-0002-dc58b95bab9b	1
v2q-028	0	pilot-v2-doc-pmkvy-sp-0003-738795a9ef96	1
v2q-028	0	pilot-v2-doc-pmkvy-sp-0004-57e566374b9c	1
v2q-028	0	pilot-v2-doc-pmkvy-stt-0000-546ef459ea0e	2
v2q-028	0	pilot-v2-doc-pmkvy-stt-0001-ea2787dec4e8	0
v2q-028	0	pilot-v2-doc-pmkvy-stt-0002-9b8eeae9f924	1
v2q-028	0	pilot-v2-doc-pmkvy-stt-0003-3729a1c2e22c	1
v2q-028	0	pilot-v2-doc-pmkvy-stt-0004-0258e7b813c4	0
v2q-029	0	pilot-v2-doc-ab-pmjay-0000-94c82a474579	0
v2q-029	0	pilot-v2-doc-ab-pmjay-0001-a632a7205efc	0
v2q-029	0	pilot-v2-doc-ab-pmjay-0003-1242266bb260	0
v2q-029	0	pilot-v2-doc-apy-0002-66a5cc4017fb	0
v2q-029	0	pilot-v2-doc-apy-0003-68e7199c9d14	0
v2q-029	0	pilot-v2-doc-mgnrega-0001-5203a455caa6	0
v2q-029	0	pilot-v2-doc-mgnrega-0002-bbbce5f319d4	0
v2q-029	0	pilot-v2-doc-pm-gkay-0000-c29b96f46a80	0
v2q-029	0	pilot-v2-doc-pm-gkay-0001-ccd31e120258	0
v2q-029	0	pilot-v2-doc-pm-janman-0000-69ac65d10edc	0
v2q-029	0	pilot-v2-doc-pm-kisan-guidelines-0010-3f4cd01daefd	0
v2q-029	0	pilot-v2-doc-pmay-g-0000-d4162175877d	0
v2q-029	0	pilot-v2-doc-pmay-g-0001-db2db8af1543	0
v2q-029	0	pilot-v2-doc-pmay-g-0002-e08c1e347071	0
v2q-029	0	pilot-v2-doc-pmjdy-0000-8b241ec39723	0
v2q-029	0	pilot-v2-doc-pmkvy-sp-0000-0fc5cf1d7fb0	0
v2q-029	0	pilot-v2-doc-pmkvy-stt-0000-546ef459ea0e	0
v2q-029	0	pilot-v2-doc-pmuy-0000-ad06c0c09d46	2
v2q-029	0	pilot-v2-doc-pmuy-0001-5fd4d0cd2135	1
v2q-029	0	pilot-v2-doc-pmuy2-0000-95fa2d4e3b3f	2
v2q-029	0	pilot-v2-doc-pmuy2-0001-065bd619e9c6	1
v2q-029	0	pilot-v2-doc-pmuy2-0002-61d762b2cd43	1
v2q-030	0	pilot-v2-doc-ab-pmjay-0000-94c82a474579	0
v2q-030	0	pilot-v2-doc-ab-pmjay-0001-a632a7205efc	0
v2q-030	0	pilot-v2-doc-ab-pmjay-0003-1242266bb260	0
v2q-030	0	pilot-v2-doc-apy-0000-c43dd88d7899	2
v2q-030	0	pilot-v2-doc-apy-0001-add48d27a4a2	2
v2q-030	0	pilot-v2-doc-apy-0002-66a5cc4017fb	2
v2q-030	0	pilot-v2-doc-apy-0003-68e7199c9d14	2
v2q-030	0	pilot-v2-doc-mgnrega-0000-7e6d80b47566	0
v2q-030	0	pilot-v2-doc-pm-gkay-0000-c29b96f46a80	0
v2q-030	0	pilot-v2-doc-pm-kmy-guidelines-0001-5d83566dbb68	0
v2q-030	0	pilot-v2-doc-pm-kmy-guidelines-0002-ae644e1f8c00	0
v2q-030	0	pilot-v2-doc-pm-kmy-guidelines-0004-79b3bf95bb65	0
v2q-030	0	pilot-v2-doc-pm-kmy-guidelines-0006-2652020c834e	0
v2q-030	0	pilot-v2-doc-pm-kmy-guidelines-0007-64fd9c6362ca	0
v2q-030	0	pilot-v2-doc-pm-kmy-guidelines-0017-43ef720eda68	0
v2q-030	0	pilot-v2-doc-pm-kmy-guidelines-0018-67494b680dda	0
v2q-030	0	pilot-v2-doc-pm-kmy-guidelines-0020-27037b9fe8a1	0
v2q-030	0	pilot-v2-doc-pm-kmy-guidelines-0021-7ce201d9d183	0
v2q-030	0	pilot-v2-doc-pmfby-0001-4270154049cc	0
v2q-030	0	pilot-v2-doc-pmjdy-0000-8b241ec39723	0
v2q-030	0	pilot-v2-doc-pmjjby-0000-47f7bb620cd4	2
v2q-030	0	pilot-v2-doc-pmmy-0000-70a89ee32765	0
v2q-030	0	pilot-v2-doc-pmsby-0000-0f297846df39	0
v2q-031	0	pilot-v2-doc-ab-pmjay-0000-94c82a474579	0
v2q-031	0	pilot-v2-doc-ab-pmjay-0001-a632a7205efc	0
v2q-031	0	pilot-v2-doc-apy-0000-c43dd88d7899	0
v2q-031	0	pilot-v2-doc-apy-0001-add48d27a4a2	0
v2q-031	0	pilot-v2-doc-apy-0002-66a5cc4017fb	0
v2q-031	0	pilot-v2-doc-apy-0003-68e7199c9d14	0
v2q-031	0	pilot-v2-doc-pm-kmy-guidelines-0001-5d83566dbb68	0
v2q-031	0	pilot-v2-doc-pm-kmy-guidelines-0002-ae644e1f8c00	0
v2q-031	0	pilot-v2-doc-pm-kmy-guidelines-0004-79b3bf95bb65	0
v2q-031	0	pilot-v2-doc-pm-kmy-guidelines-0017-43ef720eda68	0
v2q-031	0	pilot-v2-doc-pm-kmy-guidelines-0018-67494b680dda	0
v2q-031	0	pilot-v2-doc-pmay-u-0000-0b5e95b2690a	0
v2q-031	0	pilot-v2-doc-pmegp-0000-7b958e1ec4b0	0
v2q-031	0	pilot-v2-doc-pmegp-0001-f900b4f4f97a	0
v2q-031	0	pilot-v2-doc-pmegp-0003-43256e8e6645	0
v2q-031	0	pilot-v2-doc-pmjdy-0000-8b241ec39723	2
v2q-031	0	pilot-v2-doc-pmjdy-0001-95c3d046d79a	2
v2q-031	0	pilot-v2-doc-pmjjby-0000-47f7bb620cd4	2
v2q-031	0	pilot-v2-doc-pmmy-0000-70a89ee32765	0
v2q-031	0	pilot-v2-doc-pmsby-0000-0f297846df39	2
v2q-031	0	pilot-v2-doc-pmsby-0001-8851a01ce006	1
v2q-032	0	pilot-v2-doc-ab-pmjay-0002-58c80bb24a6c	0
v2q-032	0	pilot-v2-doc-apy-0000-c43dd88d7899	0
v2q-032	0	pilot-v2-doc-apy-0001-add48d27a4a2	0
v2q-032	0	pilot-v2-doc-apy-0002-66a5cc4017fb	0
v2q-032	0	pilot-v2-doc-mgnrega-0000-7e6d80b47566	0
v2q-032	0	pilot-v2-doc-mgnrega-0001-5203a455caa6	0
v2q-032	0	pilot-v2-doc-pm-kisan-guidelines-0000-bbe94f08550e	1
v2q-032	0	pilot-v2-doc-pm-kisan-guidelines-0001-5ad8f250b7e2	1
v2q-032	0	pilot-v2-doc-pm-kisan-guidelines-0009-4b2b66f9fbc9	1
v2q-032	0	pilot-v2-doc-pm-kmy-guidelines-0000-0582a8323d67	2
v2q-032	0	pilot-v2-doc-pm-kmy-guidelines-0002-ae644e1f8c00	1
v2q-032	0	pilot-v2-doc-pm-kmy-guidelines-0003-30d7d7a0db81	1
v2q-032	0	pilot-v2-doc-pmfby-0000-d9ad07736d66	2
v2q-032	0	pilot-v2-doc-pmfby-0001-4270154049cc	2
v2q-032	0	pilot-v2-doc-pmfby-0002-5c46025b568d	2
v2q-032	0	pilot-v2-doc-pmfby-0003-5aa41e0f864d	1
v2q-032	0	pilot-v2-doc-pmuy2-0001-065bd619e9c6	0
v2q-033	0	pilot-v2-doc-ab-pmjay-0001-a632a7205efc	0
v2q-033	0	pilot-v2-doc-ab-pmjay-0002-58c80bb24a6c	0
v2q-033	0	pilot-v2-doc-pm-kisan-guidelines-0011-06191a382507	0
v2q-033	0	pilot-v2-doc-pm-kmy-guidelines-0002-ae644e1f8c00	0
v2q-033	0	pilot-v2-doc-pm-kmy-guidelines-0004-79b3bf95bb65	0
v2q-033	0	pilot-v2-doc-pm-svanidhi-0000-f6024bb09ca5	2
v2q-033	0	pilot-v2-doc-pm-svanidhi-0001-e06d259b429d	2
v2q-033	0	pilot-v2-doc-pm-svanidhi-0002-280acc14217b	1
v2q-033	0	pilot-v2-doc-pmay-g-0001-db2db8af1543	0
v2q-033	0	pilot-v2-doc-pmegp-0000-7b958e1ec4b0	2
v2q-033	0	pilot-v2-doc-pmegp-0001-f900b4f4f97a	1
v2q-033	0	pilot-v2-doc-pmegp-0002-f67d4c730011	1
v2q-033	0	pilot-v2-doc-pmegp-0003-43256e8e6645	1
v2q-033	0	pilot-v2-doc-pmegp-0004-80f46cce6893	1
v2q-033	0	pilot-v2-doc-pmmy-0000-70a89ee32765	2
v2q-033	0	pilot-v2-doc-pmmy-0001-6035d0d102e8	2
v2q-034	0	pilot-v2-doc-ab-pmjay-0001-a632a7205efc	0
v2q-034	0	pilot-v2-doc-mgnrega-0000-7e6d80b47566	0
v2q-034	0	pilot-v2-doc-mgnrega-0001-5203a455caa6	0
v2q-034	0	pilot-v2-doc-pm-gkay-0000-c29b96f46a80	2
v2q-034	0	pilot-v2-doc-pm-gkay-0001-ccd31e120258	2
v2q-034	0	pilot-v2-doc-pm-gkay-0002-9e804cd883e8	1
v2q-034	0	pilot-v2-doc-pm-janman-0000-69ac65d10edc	0
v2q-034	0	pilot-v2-doc-pm-janman-0002-d0844e3327b6	0
v2q-034	0	pilot-v2-doc-pm-poshan-0000-7be831685336	0
v2q-034	0	pilot-v2-doc-pm-poshan-0001-f1d73701c602	0
v2q-034	0	pilot-v2-doc-pmay-g-0000-d4162175877d	2
v2q-034	0	pilot-v2-doc-pmay-g-0001-db2db8af1543	2
v2q-034	0	pilot-v2-doc-pmay-g-0002-e08c1e347071	1
v2q-034	0	pilot-v2-doc-pmay-g-0003-2769023a3f73	1
v2q-034	0	pilot-v2-doc-pmay-g-0005-c6e2fcfefcd0	1
v2q-034	0	pilot-v2-doc-pmay-u-0001-b64fadc4bf6b	0
v2q-034	0	pilot-v2-doc-pmegp-0003-43256e8e6645	0
v2q-034	0	pilot-v2-doc-pmkvy-sp-0000-0fc5cf1d7fb0	0
v2q-034	0	pilot-v2-doc-pmuy-0000-ad06c0c09d46	2
v2q-034	0	pilot-v2-doc-pmuy-0001-5fd4d0cd2135	2
v2q-034	0	pilot-v2-doc-pmuy2-0000-95fa2d4e3b3f	2
